"trace_id","platform_time","Side","Role","Platform rate/-s","Platform asset","Exchange rate/-s","Exchange asset","fee_difference"
"9201774330248117116","2024-03-23 12:37:40.074124","Bid","Taker","0.014135000000000000","base","0","base","0.014135000000000000"
"9194594244437484862","2024-03-23 05:22:19.74418","Bid","Maker","-0.012109725000000000","quote",NULL,"aux","0.012109725000000000"
"9204420579854821591","2024-03-23 15:18:07.372366","Ask","Maker","-0.003000000000000000","base",NULL,"aux","0.003000000000000000"
"9203243552659092104","2024-03-23 14:06:45.538248","Bid","Maker","-0.000397067737292599","aux","-0.00211776034029259941","base","0.00172069260300000041"
"9212920354496470477","2024-03-23 23:53:29.016241","Bid","Maker","-0.000065443554687500","aux","-0.00130887109374999998","base","0.00124342753906249998"
"9198364744687334883","2024-03-23 09:10:56.955375","Bid","Maker","-0.000182568251687560","aux","-0.00111991321118611377","base","0.00093734495949855377"
"9206079742901615034","2024-03-23 16:58:43.262377","Bid","Maker","-0.000668210667365662","aux","-0.00112934469200524245","base","0.00046113402463958045"
"9191282240536445052","2024-03-23 02:01:30.535063","Ask","Maker","-0.000042500000000000","base","-0.000045","quote","0.000002500000000000"
"9198363920055384306","2024-03-23 09:10:56.955266","Bid","Maker","-0.000937344959498554","aux","-0.00093734495949855351","base","0.00000000000000000049"
"9202145415421294717","2024-03-23 13:00:14.718287","Bid","Maker","-0.001111617647058824","aux","-0.00111161764705882352","base","0.00000000000000000048"
"9204130858543338479","2024-03-23 15:00:35.952865","Bid","Maker","-0.001079813423166623","aux","-0.00107981342316662347","base","0.00000000000000000047"
"9206064624617149272","2024-03-23 16:57:48.868822","Bid","Maker","-0.000621658805031447","aux","-0.00062165880503144653","base","0.00000000000000000047"
"9206078368512344173","2024-03-23 16:58:41.599299","Bid","Maker","-0.000621133682830931","aux","-0.00062113368283093053","base","0.00000000000000000047"
"9206108605084166353","2024-03-23 17:00:35.579635","Ask","Maker","-0.001132258909853249","aux","-0.00113225890985324947","quote","0.00000000000000000047"
"9203251524116350135","2024-03-23 14:07:19.188087","Bid","Maker","-0.000623056397417315","aux","-0.00062305639741731453","base","0.00000000000000000047"
"9202945035252971062","2024-03-23 13:48:39.971051","Ask","Maker","-0.001047421998942359","aux","-0.00104742199894235854","quote","0.00000000000000000046"
"9201409292387011330","2024-03-23 12:15:34.724802","Bid","Maker","-0.000626318807339450","aux","-0.00062631880733944954","base","0.00000000000000000046"
"9201769107566702767","2024-03-23 12:37:21.959558","Bid","Maker","-0.001120823767724510","aux","-0.00112082376772451046","base","0.00000000000000000046"
"9191316325399227215","2024-03-23 02:03:34.520578","Ask","Maker","-0.001131676931690929","aux","-0.00113167693169092945","quote","0.00000000000000000045"
"9206126197267968403","2024-03-23 17:01:33.393466","Bid","Maker","-0.000615351854278600","aux","-0.00061535185427860044","base","0.00000000000000000044"
"9203600619060788248","2024-03-23 14:28:24.481848","Ask","Maker","-0.001067094568442782","aux","-0.00106709456844278157","quote","0.00000000000000000043"
"9206306242298528920","2024-03-23 17:12:27.537377","Bid","Maker","-0.001139374509290762","aux","-0.00113937450929076157","base","0.00000000000000000043"
"9203803204078962464","2024-03-23 14:40:42.160815","Bid","Maker","-0.001318120165033522","aux","-0.00131812016503352243","base","0.00000000000000000043"
"9203600893938695268","2024-03-23 14:28:25.500682","Bid","Maker","-0.000613953038317636","aux","-0.00061395303831763643","base","0.00000000000000000043"
"9189482614881197538","2024-03-23 00:12:25.034002","Ask","Maker","-0.000667815674891147","aux","-0.00066781567489114658","quote","0.00000000000000000042"
"9189459800012963001","2024-03-23 00:11:00.597525","Ask","Maker","-0.001139695210449927","aux","-0.00113969521044992742","quote","0.00000000000000000042"
"9205786448174096238","2024-03-23 16:40:56.451124","Bid","Maker","-0.001108449043751637","aux","-0.00110844904375163741","base","0.00000000000000000041"
"9195949117641441248","2024-03-23 06:44:29.566663","Bid","Maker","-0.001102348993288591","aux","-0.0011023489932885906","base","0.0000000000000000004"
"9206079468024317185","2024-03-23 16:58:43.26228","Bid","Maker","-0.000461134024639581","aux","-0.0004611340246395806","base","0.0000000000000000004"
"9194761919960284267","2024-03-23 05:32:29.074639","Bid","Maker","-0.001098429461142702","aux","-0.0010984294611427024","base","0.0000000000000000004"
"9194842184312267671","2024-03-23 05:37:21.802058","Ask","Maker","-0.001081775259678942","aux","-0.00108177525967894239","quote","0.00000000000000000039"
"9196365007915095932","2024-03-23 07:09:42.210664","Ask","Maker","-0.001078721660748429","aux","-0.00107872166074842939","quote","0.00000000000000000039"
"9203197922926568754","2024-03-23 14:03:59.915994","Ask","Maker","-0.000619521767810026","aux","-0.00061952176781002638","quote","0.00000000000000000038"
"9204214421425105763","2024-03-23 15:05:37.424106","Ask","Maker","-0.000989421444429933","aux","-0.00098942144442993338","quote","0.00000000000000000038"
"9191316600278405668","2024-03-23 02:03:35.070615","Bid","Maker","-0.000098077376539754","aux","-0.00009807737653975363","base","0.00000000000000000037"
"9203596495891676181","2024-03-23 14:28:18.950423","Ask","Maker","-0.001060737778924287","aux","-0.00106073777892428737","quote","0.00000000000000000037"
"9202033814989543480","2024-03-23 12:53:24.642922","Bid","Maker","-0.001124472942124345","aux","-0.00112447294212434537","base","0.00000000000000000037"
"9205780675738025772","2024-03-23 16:40:35.533762","Bid","Maker","-0.000897417851342502","aux","-0.00089741785134250163","base","0.00000000000000000037"
"9206113003129703902","2024-03-23 17:00:46.991721","Ask","Maker","-0.001133752620545073","aux","-0.00113375262054507337","quote","0.00000000000000000037"
"9203677859752949054","2024-03-23 14:33:06.012597","Bid","Maker","-0.001036880804953560","aux","-0.00103688080495356036","base","0.00000000000000000036"
"9195681661438574132","2024-03-23 06:28:15.124151","Ask","Maker","-0.001058898648648649","aux","-0.00105889864864864864","quote","0.00000000000000000036"
"9192849319483624374","2024-03-23 03:36:31.484163","Bid","Maker","-0.001393193027210884","aux","-0.00139319302721088435","base","0.00000000000000000035"
"9199396086593777581","2024-03-23 10:13:28.940552","Bid","Maker","-0.000373705984513274","aux","-0.00037370598451327433","base","0.00000000000000000033"
"9197446102723950876","2024-03-23 08:15:14.148161","Ask","Maker","-0.001115218579234973","aux","-0.00111521857923497267","quote","0.00000000000000000033"
"9196447196408845462","2024-03-23 07:14:40.867963","Ask","Maker","-0.001105600218013353","aux","-0.00110560021801335331","quote","0.00000000000000000031"
"9191791314421422998","2024-03-23 02:32:22.421854","Bid","Maker","-0.001117715487035739","aux","-0.00111771548703573931","base","0.00000000000000000031"
"9206160282128008408","2024-03-23 17:03:38.819421","Ask","Maker","-0.001122217852929611","aux","-0.00112221785292961069","quote","0.00000000000000000031"
"9206069572418305626","2024-03-23 16:58:06.85713","Bid","Maker","-0.001129017038007864","aux","-0.00112901703800786369","base","0.00000000000000000031"
"9203694902181152125","2024-03-23 14:34:07.943627","Bid","Maker","-0.000609092081506319","aux","-0.00060909208150631931","base","0.00000000000000000031"
"9203921951332534783","2024-03-23 14:47:58.644452","Bid","Maker","-0.000610719824243991","aux","-0.00061071982424399069","base","0.00000000000000000031"
"9191032376519092321","2024-03-23 01:46:23.080956","Bid","Maker","-0.000662613122171946","aux","-0.0006626131221719457","base","0.0000000000000000003"
"9203638552210663170","2024-03-23 14:30:42.805914","Ask","Maker","-0.001310430467843794","aux","-0.00131043046784379429","quote","0.00000000000000000029"
"9192566470118072654","2024-03-23 03:19:23.076163","Ask","Maker","-0.000155102551011745","aux","-0.00015510255101174472","quote","0.00000000000000000028"
"9206133618971444708","2024-03-23 17:02:04.195589","Bid","Maker","-0.001131439244986237","aux","-0.00113143924498623672","base","0.00000000000000000028"
"9192414187759208303","2024-03-23 03:10:08.805022","Ask","Maker","-0.001128693623639191","aux","-0.00112869362363919128","quote","0.00000000000000000028"
"9203694077549254467","2024-03-23 14:34:06.645675","Bid","Maker","-0.000609217823059066","aux","-0.00060921782305906628","base","0.00000000000000000028"
"9204168516816245879","2024-03-23 15:02:54.179211","Ask","Maker","-0.000989267015706806","aux","-0.00098926701570680627","quote","0.00000000000000000027"
"9206302943761025997","2024-03-23 17:12:16.09977","Ask","Maker","-0.001142019884877028","aux","-0.00114201988487702773","quote","0.00000000000000000027"
"9206785904243638548","2024-03-23 17:41:32.662576","Bid","Maker","-0.000614289412373803","aux","-0.00061428941237380273","base","0.00000000000000000027"
"9205981611490754121","2024-03-23 16:52:57.663409","Ask","Maker","-0.000507374639012864","aux","-0.00050737463901286426","quote","0.00000000000000000026"
"9199268818125552235","2024-03-23 10:05:49.855762","Bid","Maker","-0.001091484084332369","aux","-0.00109148408433236874","base","0.00000000000000000026"
"9190035944108125097","2024-03-23 00:46:03.035709","Bid","Maker","-0.001048776957591547","aux","-0.00104877695759154725","base","0.00000000000000000025"
"9202944485497156788","2024-03-23 13:48:37.655549","Ask","Maker","-0.001331206873760740","aux","-0.00133120687376074024","quote","0.00000000000000000024"
"9204168241938338923","2024-03-23 15:02:50.758575","Ask","Maker","-0.000988872889121613","aux","-0.00098887288912161277","quote","0.00000000000000000023"
"9194761919961626605","2024-03-23 05:32:29.125288","Bid","Maker","-0.001098145139453019","aux","-0.00109814513945301922","base","0.00000000000000000022"
"9205778201839007274","2024-03-23 16:40:26.382792","Ask","Maker","-0.001099515389652914","aux","-0.0010995153896529142","quote","0.0000000000000000002"
"9191823750013219120","2024-03-23 02:34:20.360697","Bid","Maker","-0.001113515219525880","aux","-0.0011135152195258802","base","0.0000000000000000002"
"9203803204076221782","2024-03-23 14:40:41.761665","Bid","Maker","-0.000616264827230531","aux","-0.0006162648272305312","base","0.0000000000000000002"
"9203598969792501616","2024-03-23 14:28:18.990491","Ask","Maker","-0.001061840577840836","aux","-0.0010618405778408358","quote","0.0000000000000000002"
"9202749871936561926","2024-03-23 13:36:49.225343","Bid","Maker","-0.001051812989772878","aux","-0.0010518129897728782","base","0.0000000000000000002"
"9201238318325555543","2024-03-23 12:05:11.194497","Ask","Maker","-0.001112872756712994","aux","-0.00111287275671299419","quote","0.00000000000000000019"
"9211177353687232759","2024-03-23 22:07:50.094455","Bid","Maker","-0.000618661787767904","aux","-0.00061866178776790381","base","0.00000000000000000019"
"9191824024890922518","2024-03-23 02:34:22.338662","Ask","Maker","-0.001402235937719175","aux","-0.00140223593771917519","quote","0.00000000000000000019"
"9191055741143834833","2024-03-23 01:47:46.167219","Bid","Maker","-0.001158993923979087","aux","-0.00115899392397908718","base","0.00000000000000000018"
"9204438446919718265","2024-03-23 15:19:12.965871","Ask","Maker","-0.001038876448893572","aux","-0.00103887644889357218","quote","0.00000000000000000018"
"9205779301349910366","2024-03-23 16:40:30.57116","Ask","Maker","-0.001104348395546824","aux","-0.00110434839554682383","quote","0.00000000000000000017"
"9191281690782904000","2024-03-23 02:01:28.496549","Bid","Maker","-0.001114023618726276","aux","-0.00111402361872627583","base","0.00000000000000000017"
"9200758381502296539","2024-03-23 11:36:04.043154","Bid","Maker","-0.001092782608695652","aux","-0.00109278260869565217","base","0.00000000000000000017"
"9191806707585133414","2024-03-23 02:33:18.606096","Bid","Maker","-0.000678898006303404","aux","-0.00067889800630340383","base","0.00000000000000000017"
"9190901534636479098","2024-03-23 01:38:25.577745","Ask","Maker","-0.001422666477755738","aux","-0.00142266647775573816","quote","0.00000000000000000016"
"9203215789989607576","2024-03-23 14:05:04.237945","Ask","Maker","-0.000620113775691817","aux","-0.00062011377569181685","quote","0.00000000000000000015"
"9202944485496956341","2024-03-23 13:48:37.655849","Ask","Maker","-0.001084653007270324","aux","-0.00108465300727032385","quote","0.00000000000000000015"
"9202945035252971029","2024-03-23 13:48:39.807286","Ask","Maker","-0.000977395902181097","aux","-0.00097739590218109715","quote","0.00000000000000000015"
"9205350216938167701","2024-03-23 16:14:30.308921","Bid","Maker","-0.001344621970495258","aux","-0.00134462197049525815","base","0.00000000000000000015"
"9197307014500996881","2024-03-23 08:06:50.080226","Ask","Maker","-0.001113901805251641","aux","-0.00111390180525164113","quote","0.00000000000000000013"
"9208732039826812975","2024-03-23 19:39:32.554303","Bid","Maker","-0.001099070341958133","aux","-0.00109907034195813287","base","0.00000000000000000013"
"9206080017779645022","2024-03-23 16:58:45.067297","Bid","Maker","-0.001129076015727392","aux","-0.00112907601572739187","base","0.00000000000000000013"
"9201785325362966179","2024-03-23 12:38:20.897458","Bid","Maker","-0.001119884065785926","aux","-0.00111988406578592612","base","0.00000000000000000012"
"9203803204078962347","2024-03-23 14:40:41.222057","Bid","Maker","-0.000608741619391439","aux","-0.00060874161939143888","base","0.00000000000000000012"
"9202129197621864894","2024-03-23 12:59:11.040596","Bid","Maker","-0.001118877141327623","aux","-0.00111887714132762312","base","0.00000000000000000012"
"9206333455211325305","2024-03-23 17:14:06.97086","Ask","Maker","-0.001139375899515897","aux","-0.00113937589951589689","quote","0.00000000000000000011"
"9205905195432961174","2024-03-23 16:48:09.117965","Ask","Maker","-0.001121235571878279","aux","-0.00112123557187827911","quote","0.00000000000000000011"
"9197839727887907916","2024-03-23 08:39:06.324245","Bid","Maker","-0.001371783909302008","aux","-0.00137178390930200791","base","0.00000000000000000009"
"9211048985704352055","2024-03-23 22:00:02.520319","Bid","Maker","-0.001092338393090814","aux","-0.00109233839309081392","base","0.00000000000000000008"
"9199475251433912115","2024-03-23 10:18:17.989916","Ask","Maker","-0.001127524204702628","aux","-0.00112752420470262793","quote","0.00000000000000000007"
"9206129495803898983","2024-03-23 17:01:44.964211","Bid","Maker","-0.000620821863940228","aux","-0.00062082186394022807","base","0.00000000000000000007"
"9191282240536408126","2024-03-23 02:01:30.227078","Bid","Maker","-0.001030089988751406","aux","-0.00103008998875140607","base","0.00000000000000000007"
"9204309529183789867","2024-03-23 15:11:24.900209","Bid","Maker","-0.001083916633896972","aux","-0.00108391663389697207","base","0.00000000000000000007"
"9206288650110255315","2024-03-23 17:11:26.06265","Ask","Maker","-0.001135811429318687","aux","-0.00113581142931868706","quote","0.00000000000000000006"
"9212835417221731329","2024-03-23 23:48:20.424687","Bid","Maker","-0.001054967405475880","aux","-0.00105496740547588005","base","0.00000000000000000005"
"9191032101640862986","2024-03-23 01:46:20.804834","Ask","Maker","-0.001150289834582214","aux","-0.00115028983458221405","quote","0.00000000000000000005"
"9191992250170388037","2024-03-23 02:44:34.248974","Bid","Maker","-0.001103062658050014","aux","-0.00110306265805001404","base","0.00000000000000000004"
"9202211935874444236","2024-03-23 13:04:15.736068","Bid","Maker","-0.001104002940390270","aux","-0.00110400294039026997","base","0.00000000000000000003"
"9202329583618514793","2024-03-23 13:11:21.611925","Ask","Maker","-0.000632625199786894","aux","-0.00063262519978689397","quote","0.00000000000000000003"
"9206059401937098593","2024-03-23 16:57:37.392229","Bid","Maker","-0.001130267470827324","aux","-0.00113026747082732397","base","0.00000000000000000003"
"9197104429485991741","2024-03-23 07:54:31.173504","Bid","Maker","-0.000630931855500821","aux","-0.00063093185550082101","base","0.00000000000000000001"
"9212324144315808769","2024-03-23 23:17:20.93981","Ask","Maker","-0.000611554346400944","aux","-0.00061155434640094401","quote","0.00000000000000000001"
"9205935706878753464","2024-03-23 16:50:00.177505","Ask","Maker","-0.000978157875000000","aux","-0.00097815787499999999","quote","0.00000000000000000001"
"9195271268722289805","2024-03-23 06:03:23.264672","Bid","Maker","-0.001077171581769437","aux","-0.00107717158176943699","base","0.00000000000000000001"
"9212920354496146257","2024-03-23 23:53:29.011706","Bid","Maker","-0.001243427539062500","aux","-0.00124342753906249999","base","0.00000000000000000001"
"9191721495433167778","2024-03-23 02:28:08.951643","Bid","Maker","-0.000645099002949024","aux","-0.00064509900294902401","base","0.00000000000000000001"
"9212920354496474973","2024-03-23 23:53:29.051224","Bid","Maker","-0.000610351562500000","aux","-0.00061035156249999999","base","0.00000000000000000001"
"9192537607938238194","2024-03-23 03:17:38.043749","Ask","Maker","-0.000045000000000000","base","-0.000045","base","0.000000000000000000"
"9192537607938158283","2024-03-23 03:17:37.599672","Ask","Taker","0.017334570000000000","quote","0.01733457","quote","0.000000000000000000"
"9191957615554112602","2024-03-23 02:42:27.680678","Ask","Maker","-0.002000000000000000","base","-0.002","quote","0.000000000000000000"
"9191824574646940392","2024-03-23 02:34:23.445893","Bid","Taker","0.000000000000000000","aux","0","aux","0.000000000000000000"
"9191824299769077396","2024-03-23 02:34:22.410423","Bid","Taker","0.000000000000000000","aux","0","aux","0.000000000000000000"
"9191823750016078601","2024-03-23 02:34:20.420824","Bid","Maker","-0.007930000000000000","quote","-0.00793","quote","0.000000000000000000"
"9191805608071156754","2024-03-23 02:33:18.606013","Bid","Maker","-0.003109897133000000","quote","-0.003109897133","quote","0.000000000000000000"
"9191643979863197739","2024-03-23 02:23:28.016873","Ask","Maker","-0.050000000000000000","base","-0.05","quote","0.000000000000000000"
"9191580757943778177","2024-03-23 02:19:36.900881","Bid","Maker","-0.008065400000000000","quote","-0.0080654","quote","0.000000000000000000"
"9191402362183500995","2024-03-23 02:08:47.070027","Bid","Maker","0.000000000000000000","aux","0","aux","0.000000000000000000"
"9191326495882886030","2024-03-23 02:04:11.546802","Ask","Taker","0.000000000000000000","aux","0","aux","0.000000000000000000"
"9191326221002103020","2024-03-23 02:04:11.495228","Bid","Maker","-0.007901550000000000","quote","-0.00790155","quote","0.000000000000000000"
"9191316050521930258","2024-03-23 02:03:33.910594","Ask","Taker","0.000000000000000000","aux","0","aux","0.000000000000000000"
"9191282515417933103","2024-03-23 02:01:31.061965","Bid","Maker","-0.007900200000000000","quote","-0.0079002","quote","0.000000000000000000"
"9191282240536445057","2024-03-23 02:01:30.538097","Ask","Maker","-0.030881000000000000","base","-0.030881","quote","0.000000000000000000"
"9191282240536408241","2024-03-23 02:01:30.534967","Ask","Maker","-0.000002500000000000","base","-0.0000025","quote","0.000000000000000000"
"9191126384765839744","2024-03-23 01:52:03.035368","Bid","Maker","-0.008056000000000000","quote","-0.008056","quote","0.000000000000000000"
"9191030177497240428","2024-03-23 01:46:13.978166","Bid","Taker","0.000000000000000000","aux","0","aux","0.000000000000000000"
"9190992794101779254","2024-03-23 01:43:57.474516","Bid","Taker","0.000000000000000000","aux","0","aux","0.000000000000000000"
"9190760797147893709","2024-03-23 01:29:53.316426","Bid","Maker","-0.007920000000000000","quote","-0.00792","base","0.000000000000000000"
"9189961727074654258","2024-03-23 00:41:26.403887","Ask","Maker","-0.001451500000000000","base","-0.0014515","base","0.000000000000000000"
"9189961727074654250","2024-03-23 00:41:26.398936","Ask","Maker","-0.000548500000000000","base","-0.0005485","base","0.000000000000000000"
"9189918021485891433","2024-03-23 00:38:47.208206","Bid","Maker","-0.004609500000000000","quote","-0.0046095","quote","0.000000000000000000"
"9189482340003271899","2024-03-23 00:12:22.817869","Bid","Taker","0.000000000000000000","aux","0","aux","0.000000000000000000"
"9189453477824252175","2024-03-23 00:10:37.96354","Bid","Taker","0.000000000000000000","aux","0","aux","0.000000000000000000"
"9189440833438079542","2024-03-23 00:09:51.606866","Ask","Taker","0.000000000000000000","aux","0","aux","0.000000000000000000"
"9198368043223397338","2024-03-23 09:11:08.679485","Bid","Taker","0.000000000000000000","aux","0","aux","0.000000000000000000"
"9212250202155629979","2024-03-23 23:12:51.5125","Ask","Maker","-0.000003000000000000","base","-0.000003","base","0.000000000000000000"
"9212227112414158699","2024-03-23 23:11:27.676524","Ask","Taker","0.000000000000000000","aux","0","aux","0.000000000000000000"
"9210497305743112016","2024-03-23 21:26:34.10064","Ask","Taker","0.000000000000000000","aux","0","aux","0.000000000000000000"
"9210495931357312697","2024-03-23 21:26:29.537168","Ask","Taker","0.000000000000000000","aux","0","aux","0.000000000000000000"
"9210495106722556815","2024-03-23 21:26:26.690542","Ask","Taker","0.000000000000000000","aux","0","aux","0.000000000000000000"
"9210494831842652449","2024-03-23 21:26:25.339595","Bid","Maker","-0.008360450000000000","quote","-0.00836045","quote","0.000000000000000000"
"9209518740398279468","2024-03-23 20:27:14.978514","Ask","Taker","0.000000000000000000","aux","0","aux","0.000000000000000000"
"9208732589581558360","2024-03-23 19:39:34.213361","Bid","Taker","0.000000000000000000","aux","0","aux","0.000000000000000000"
"9208732039825744243","2024-03-23 19:39:32.62862","Ask","Taker","0.000000000000000000","aux","0","aux","0.000000000000000000"
"9207907955860593646","2024-03-23 18:49:38.410239","Ask","Maker","-0.000003000000000000","base","-0.000003","quote","0.000000000000000000"
"9207818620542853084","2024-03-23 18:44:09.848542","Ask","Taker","0.000000000000000000","aux","0","aux","0.000000000000000000"
"9207736706925367048","2024-03-23 18:39:11.67715","Ask","Taker","0.000000000000000000","aux","0","aux","0.000000000000000000"
"9207378266135583455","2024-03-23 18:17:27.621563","Bid","Taker","0.000000000000000000","aux","0","aux","0.000000000000000000"
"9207376341991504291","2024-03-23 18:17:20.148681","Bid","Maker","-0.008180920132000000","quote","-0.008180920132","quote","0.000000000000000000"
"9207376341988418632","2024-03-23 18:17:20.148606","Bid","Maker","-0.000393029868000000","quote","-0.000393029868","quote","0.000000000000000000"
"9207313394947644520","2024-03-23 18:13:31.84543","Ask","Taker","0.000000000000000000","aux","0","aux","0.000000000000000000"
"9206931864414492773","2024-03-23 17:50:25.112151","Bid","Maker","-0.004752000000000000","quote","-0.004752","quote","0.000000000000000000"
"9206856822744316424","2024-03-23 17:45:51.745839","Bid","Maker","-0.001266340200000000","quote","-0.0012663402","quote","0.000000000000000000"
"9206853799088706979","2024-03-23 17:45:48.428726","Bid","Maker","-0.007412000000000000","quote","-0.007412","base","0.000000000000000000"
"9206671829912551872","2024-03-23 17:34:37.122258","Ask","Taker","0.017436870000000000","quote","0.01743687","quote","0.000000000000000000"
"9206333455212385775","2024-03-23 17:14:07.081058","Ask","Maker","-0.050000000000000000","base","-0.05","base","0.000000000000000000"
"9206328507407226981","2024-03-23 17:13:48.892793","Ask","Maker","-0.050000000000000000","base","-0.05","base","0.000000000000000000"
"9206306242296273825","2024-03-23 17:12:27.793899","Ask","Taker","0.000000000000000000","aux","0","aux","0.000000000000000000"
"9206304867906765598","2024-03-23 17:12:25.096549","Bid","Maker","-0.004736250000000000","quote","-0.00473625","quote","0.000000000000000000"
"9206167154075024822","2024-03-23 17:04:13.246835","Bid","Maker","-0.004691100000000000","quote","-0.0046911","base","0.000000000000000000"
"9206152585548740546","2024-03-23 17:03:08.424212","Bid","Maker","-0.004729500000000000","quote","-0.0047295","quote","0.000000000000000000"
"9206134993362176289","2024-03-23 17:02:04.346567","Ask","Taker","0.000000000000000000","aux","0","aux","0.000000000000000000"
"9206129770681211263","2024-03-23 17:01:45.405","Ask","Taker","0.000000000000000000","aux","0","aux","0.000000000000000000"
"9205891451535373406","2024-03-23 16:47:18.850051","Ask","Maker","-0.000003000000000000","base","-0.000003","base","0.000000000000000000"
"9205858741063904652","2024-03-23 16:45:19.513873","Bid","Maker","-0.004759500000000000","quote","-0.0047595","quote","0.000000000000000000"
"9205780675738025754","2024-03-23 16:40:35.239057","Bid","Maker","-0.001606164705000000","quote","-0.001606164705","quote","0.000000000000000000"
"9205779576226476102","2024-03-23 16:40:31.517009","Ask","Maker","-0.050000000000000000","base","-0.05","quote","0.000000000000000000"
"9205779576226421912","2024-03-23 16:40:31.878377","Bid","Maker","-0.008454550000000000","quote","-0.00845455","base","0.000000000000000000"
"9205778201838282494","2024-03-23 16:40:26.532875","Bid","Taker","0.000000000000000000","aux","0","aux","0.000000000000000000"
"9205722951378201245","2024-03-23 16:37:05.895991","Ask","Taker","0.000000000000000000","aux","0","aux","0.000000000000000000"
"9205226246999861142","2024-03-23 16:06:58.587246","Ask","Taker","0.000000000000000000","aux","0","aux","0.000000000000000000"
"9205225972124083661","2024-03-23 16:06:58.127581","Bid","Maker","-0.007820100000000000","quote","-0.0078201","quote","0.000000000000000000"
"9205207555303830397","2024-03-23 16:05:50.214737","Ask","Taker","0.000000000000000000","aux","0","aux","0.000000000000000000"
"9205207005547577491","2024-03-23 16:05:50.144865","Bid","Maker","-0.007846650000000000","quote","-0.00784665","base","0.000000000000000000"
"9204447792769482538","2024-03-23 15:19:46.672983","Ask","Maker","-0.050000000000000000","base","-0.05","base","0.000000000000000000"
"9204438721797338793","2024-03-23 15:19:13.206378","Ask","Maker","-0.000019000000000000","base","-0.000019","base","0.000000000000000000"
"9204438446920759418","2024-03-23 15:19:12.399587","Bid","Maker","-0.007883550000000000","quote","-0.00788355","quote","0.000000000000000000"
"9204438446919431753","2024-03-23 15:19:12.8817","Ask","Taker","0.000000000000000000","aux","0","aux","0.000000000000000000"
"9204437347409018050","2024-03-23 15:19:08.757025","Ask","Taker","0.000000000000000000","aux","0","aux","0.000000000000000000"
"9204327671124417758","2024-03-23 15:12:29.131702","Ask","Taker","0.000000000000000000","aux","0","aux","0.000000000000000000"
"9204292211874112234","2024-03-23 15:10:21.480511","Ask","Maker","-0.002000000000000000","base","-0.002","base","0.000000000000000000"
"9204245482628875855","2024-03-23 15:07:30.170212","Ask","Maker","-0.002000000000000000","base","-0.002","base","0.000000000000000000"
"9203913430116814824","2024-03-23 14:47:23.05805","Ask","Maker","-0.050000000000000000","base","-0.05","quote","0.000000000000000000"
"9203805128221812134","2024-03-23 14:40:48.193254","Ask","Taker","0.000000000000000000","aux","0","aux","0.000000000000000000"
"9203804028710026218","2024-03-23 14:40:44.256732","Ask","Maker","-0.050000000000000000","base","-0.05","base","0.000000000000000000"
"9203803478953592798","2024-03-23 14:40:42.622401","Ask","Taker","0.000000000000000000","aux","0","aux","0.000000000000000000"
"9203725688508108912","2024-03-23 14:36:01.222427","Ask","Maker","-0.050000000000000000","base","-0.05","quote","0.000000000000000000"
"9203692703160479507","2024-03-23 14:33:59.293177","Ask","Maker","-0.045650000000000000","base","-0.04565","base","0.000000000000000000"
"9203692703158654003","2024-03-23 14:33:59.256633","Ask","Maker","-0.004350000000000000","base","-0.00435","base","0.000000000000000000"
"9203645699038339726","2024-03-23 14:31:08.684441","Bid","Maker","-0.010179900000000000","quote","-0.0101799","quote","0.000000000000000000"
"9203641575866673848","2024-03-23 14:30:53.043618","Ask","Taker","0.000000000000000000","aux","0","aux","0.000000000000000000"
"9203640751232952874","2024-03-23 14:30:51.028872","Bid","Taker","0.000000000000000000","aux","0","aux","0.000000000000000000"
"9203639101968572426","2024-03-23 14:30:44.422503","Bid","Taker","0.000000000000000000","aux","0","aux","0.000000000000000000"
"9203600619060735128","2024-03-23 14:28:24.706367","Bid","Taker","0.000000000000000000","aux","0","aux","0.000000000000000000"
"9203600619058040455","2024-03-23 14:28:24.357674","Ask","Maker","-0.050000000000000000","base","-0.05","base","0.000000000000000000"
"9203599519550220172","2024-03-23 14:28:24.292228","Ask","Maker","-0.001064540059347181","aux","-0.001064540059347181","quote","0.000000000000000000"
"9203599244670408637","2024-03-23 14:28:19.214662","Bid","Taker","0.110000000000000000","base","0.11","base","0.000000000000000000"
"9203447786943776795","2024-03-23 14:19:09.052711","Ask","Maker","-0.007500000000000000","base","-0.0075","base","0.000000000000000000"
"9203243002902197043","2024-03-23 14:06:45.535574","Bid","Maker","-0.001720692603000000","quote","-0.001720692603","base","0.000000000000000000"
"9203215789990261588","2024-03-23 14:05:04.476443","Bid","Taker","0.000000000000000000","aux","0","aux","0.000000000000000000"
"9203215789990261550","2024-03-23 14:05:04.42082","Bid","Taker","0.016500000000000000","base","0.0165","base","0.000000000000000000"
"9203100891024032640","2024-03-23 13:58:16.904814","Bid","Maker","-0.008245000000000000","quote","-0.008245","base","0.000000000000000000"
"9202945310130009718","2024-03-23 13:48:40.835966","Bid","Taker","0.000000000000000000","aux","0","aux","0.000000000000000000"
"9202945310127613966","2024-03-23 13:48:40.673834","Bid","Taker","0.000000000000000000","aux","0","aux","0.000000000000000000"
"9202944485495424533","2024-03-23 13:48:37.500289","Ask","Maker","-0.007500000000000000","base","-0.0075","base","0.000000000000000000"
"9202174827356843132","2024-03-23 13:01:57.305325","Bid","Maker","-0.008267650000000000","quote","-0.00826765","base","0.000000000000000000"
"9202010175490859121","2024-03-23 12:52:03.12483","Ask","Maker","-0.000333100000000000","base","-0.0003331","base","0.000000000000000000"
"9201802367791692942","2024-03-23 12:39:22.251323","Ask","Maker","-0.002000000000000000","base","-0.002","quote","0.000000000000000000"
"9201771856346240015","2024-03-23 12:37:31.386279","Bid","Taker","0.104500000000000000","base","0.1045","base","0.000000000000000000"
"9201759761716795508","2024-03-23 12:36:47.27361","Bid","Taker","0.000000000000000000","aux","0","aux","0.000000000000000000"
"9201649535677948894","2024-03-23 12:30:11.825553","Ask","Maker","-0.002000000000000000","base","-0.002","base","0.000000000000000000"
"9200203952762129184","2024-03-23 11:02:29.073809","Ask","Maker","-0.050000000000000000","base","-0.05","quote","0.000000000000000000"
"9199825995643341624","2024-03-23 10:39:51.425504","Bid","Maker","-0.008070300000000000","quote","-0.0080703","quote","0.000000000000000000"
"9199316097125938711","2024-03-23 10:08:51.635652","Ask","Maker","-0.050000000000000000","base","-0.05","base","0.000000000000000000"
"9199151995013598639","2024-03-23 09:58:48.842316","Ask","Maker","-0.002000000000000000","base","-0.002","base","0.000000000000000000"
"9198367768346611829","2024-03-23 09:11:07.202792","Ask","Maker","-0.050000000000000000","base","-0.05","base","0.000000000000000000"
"9198367768345100953","2024-03-23 09:11:07.388777","Bid","Taker","0.000000000000000000","aux","0","aux","0.000000000000000000"
"9198362270786172143","2024-03-23 09:10:47.169716","Ask","Taker","0.000000000000000000","aux","0","aux","0.000000000000000000"
"9198361995908770056","2024-03-23 09:10:47.045528","Bid","Maker","-0.010011900000000000","quote","-0.0100119","quote","0.000000000000000000"
"9198087392879435946","2024-03-23 08:54:10.047308","Ask","Maker","-0.050000000000000000","base","-0.05","base","0.000000000000000000"
"9198033791687191075","2024-03-23 08:50:52.857982","Ask","Taker","0.000000000000000000","aux","0","aux","0.000000000000000000"
"9198030493152307549","2024-03-23 08:50:52.593292","Bid","Maker","-0.007898850000000000","quote","-0.00789885","quote","0.000000000000000000"
"9197865291533254409","2024-03-23 08:41:03.179052","Ask","Maker","-0.000141800000000000","base","-0.0001418","base","0.000000000000000000"
"9197840277643040423","2024-03-23 08:39:08.440131","Ask","Maker","-0.000045000000000000","base","-0.000045","base","0.000000000000000000"
"9197551930717918858","2024-03-23 08:21:40.878507","Ask","Maker","-0.050000000000000000","base","-0.05","base","0.000000000000000000"
"9197446377600215889","2024-03-23 08:15:15.1921","Bid","Taker","0.000000000000000000","aux","0","aux","0.000000000000000000"
"9197446102723950911","2024-03-23 08:15:14.200349","Bid","Taker","0.000000000000000000","aux","0","aux","0.000000000000000000"
"9197408719327339461","2024-03-23 08:12:58.904227","Bid","Maker","-0.008163300000000000","quote","-0.0081633","quote","0.000000000000000000"
"9196526361245916948","2024-03-23 07:19:28.9277","Bid","Taker","0.000000000000000000","aux","0","aux","0.000000000000000000"
"9196421357884828465","2024-03-23 07:13:06.370499","Bid","Taker","0.000000000000000000","aux","0","aux","0.000000000000000000"
"9196365282793002956","2024-03-23 07:09:42.663986","Bid","Taker","0.000000000000000000","aux","0","aux","0.000000000000000000"
"9195756977984624986","2024-03-23 06:32:49.543181","Bid","Taker","0.000000000000000000","aux","0","aux","0.000000000000000000"
"9195750106039524199","2024-03-23 06:32:24.06427","Bid","Taker","0.000000000000000000","aux","0","aux","0.000000000000000000"
"9195727016294843456","2024-03-23 06:31:12.744265","Bid","Maker","-0.007818750000000000","quote","-0.00781875","base","0.000000000000000000"
"9194792431410568277","2024-03-23 05:34:35.179046","Bid","Maker","-0.008049950000000000","quote","-0.00804995","quote","0.000000000000000000"
"9194423270381310222","2024-03-23 05:11:58.011108","Bid","Maker","-0.007719750000000000","quote","-0.00771975","base","0.000000000000000000"
"9192849594364006276","2024-03-23 03:36:32.449768","Ask","Taker","0.000000000000000000","aux","0","aux","0.000000000000000000"
"9192849319486099239","2024-03-23 03:36:31.968205","Bid","Maker","-0.009821940000000000","quote","-0.00982194","base","0.000000000000000000"
"9192618696921283020","2024-03-23 03:22:32.689496","Bid","Maker","-0.009923760000000000","quote","-0.00992376","quote","0.000000000000000000"
"9192568944020640854","2024-03-23 03:19:32.223712","Ask","Maker","-0.032500000000000000","base","-0.0325","base","0.000000000000000000"
"9192566744996412683","2024-03-23 03:19:23.629879","Ask","Maker","-0.031429000000000000","base","-0.031429","base","0.000000000000000000"
"9192566744995957294","2024-03-23 03:19:23.62976","Ask","Maker","-0.011583000000000000","base","-0.011583","base","0.000000000000000000"
"9192557948905557744","2024-03-23 03:18:51.351204","Bid","Maker","-0.007200000000000000","quote","-0.0072","quote","0.000000000000000000"
"9192543105497331575","2024-03-23 03:17:57.848558","Ask","Maker","-0.050000000000000000","base","-0.05","quote","0.000000000000000000"
"9192541731108466076","2024-03-23 03:17:56.024201","Bid","Maker","-0.007853100000000000","quote","-0.0078531","base","0.000000000000000000"
"9192539532084168507","2024-03-23 03:17:46.372951","Ask","Maker","-0.050000000000000000","base","-0.05","base","0.000000000000000000"
